text,date,rating,source,lang,stars,sentiment
schlechter Service. Cabriolet verdeck erlitt ein Vandalismus schaden und die Versicherung l√§sst sich zeit ohne sich zu melden. Mich liessen sie wortw√∂rtlich im regen stehn.,2025-08-06T15:24:27+00:00,,trustpilot,de,1,negative
"Service! Besuchstermine werden vergessen Mails nicht beantwortet, telefonisch fast nicht errechbar... Hat sich in den letzten 10 Jahren massiv verschlechtert. Ich bin dabei alle Produkte zu k√ºndigen.",2025-08-06T09:45:07+00:00,,trustpilot,de,1,negative
"empfehlenswert ‚Äì entt√§uschende Erfahrung mit der Versicherung Meine Erfahrung mit dieser Versicherung war leider sehr entt√§uschend. Nach einem doppelten Fahrraddiebstahl wurde mir sogar indirekt Versicherungsbetrug unterstellt ‚Äì eine absolut unfaire und belastende Situation. Zudem hatte ich st√§ndig wechselnde Ansprechpartner, was die Kommunikation extrem erschwerte. Dokumente musste ich mehrfach einreichen, da offenbar keine ausreichende interne Abstimmung stattfand. Insgesamt fehlte es an Verl√§sslichkeit und Kundenorientierung. Aus meiner Sicht nicht weiterzuempfehlen.",2025-07-16T10:16:03+00:00,,trustpilot,de,2,negative
"Unfallversicherung! Erst wartet man Wochen lang bei Unfall und Arbeitsunf√§higkeit, bis man √ºberhaupt mal etwas bekommt und dann wird man von der Rechtsabteilung raus geschmissen, weil diese angeblich beim Schaden den kausalen Zusammenhang zum Unfall nicht sieht (es wurde teuer weil eine operation notwendig war und lange Krankenstand abzusehen). Ich stehe seit Monaten berufsunf√§hig nach Unfall mit nichts da und muss mein recht Anwaltlich einklagen‚Ä¶ H√§nde weg von dieser Versicherung! So lange man zahlt ist alles gut aber wehe man hat einen fall‚Ä¶ Scheissverein!!",2025-07-15T11:14:16+00:00,,trustpilot,de,1,negative
"Assistance Europaweit, das Auto stehen geblieben im nahen Schwarzwald. Versicherung findet alle Ausreden das Auto nicht in die Schweiz zu transportieren. Ich kann jetzt selber schauen,vielen Dank. Die Pr√§mien sind gestiegen die Leistungen leider nicht.",2025-06-30T18:37:56+00:00,,trustpilot,de,1,negative
". So gar ein Stern zu viel. Sehr Unfreundlich, einem erkl√§ren k√∂nnen sie nichts. Ich w√ºrde diese Versicherung nicht empfehlen.",2025-06-26T22:45:30+00:00,,trustpilot,de,1,negative
"10,j bin da, Nur Bezahlt!!! Jedes Jahr nur Erh√∂hungen! Besonderes das Jahr, ,Es sein Sehr Schlecht!!! Kein Grund zum Empf√§hlen",2025-06-20T18:27:00+00:00,,trustpilot,de,1,negative
"wieder Allianz ‚Äì entt√§uschend und unfair! Wir waren √ºber sechs Jahre lang treue Kunden bei der Allianz und hatten die teuerste Versicherungspolice abgeschlossen. Unsere Beitr√§ge haben wir stets p√ºnktlich bezahlt. Doch dann hatten wir innerhalb eines Jahres leider Pech ‚Äì es kam zu mehreren Schadensf√§llen (insgesamt vier). Statt Verst√§ndnis zu zeigen oder gemeinsam nach einer L√∂sung zu suchen, wurde uns pl√∂tzlich und ohne echtes Gespr√§ch gek√ºndigt. Die Begr√ºndung: Wir seien ""nicht mehr tragbar"". So geht man also mit langj√§hrigen, zuverl√§ssigen Kunden um? F√ºr uns ist das eine absolute Entt√§uschung. Es wirkt, als sei man bei der Allianz nur so lange willkommen, wie man keine Leistungen in Anspruch nimmt. Kaum wird es f√ºr sie ""unbequem"", wird man einfach rausgeworfen. Wir werden jetzt s√§mtliche Vertr√§ge k√ºndigen und k√∂nnen nur davor warnen: Allianz gl√§nzt mit Versprechen beim Verkauf ‚Äì aber wenn‚Äôs ernst wird, ist man auf sich allein gestellt. Fazit: Nie wieder Allianz.",2025-05-18T07:31:43+00:00,,trustpilot,de,1,negative
"habe mit meiner Kreditkarte einen Einkauf Online get√§tigt und wurde leider √ºber den Tisch gezogen. Ich habe den Fall der Allianz gemeldet und innert 2 Tagen eine zusage erhalten das ich mein Geld wieder erhalte. Top Service, kann ich echt jedem empfehlen! Die Frau Bressan hat mir hier bestens geholfen.",2025-04-28T09:55:59+00:00,,trustpilot,de,5,positive
"Jahr 2021 eine Offerte erhalten, zugesagt und Fahrzeug eingel√∂st. Danach erhielt ich weder eine Police noch eine Rechnung. Auf mehrmaliges Nachfragen bekam ich 2023, als ich das Fahrzeug wieder abgemeldet habe, die Information vom Mitarbeiter im Kundenservice, der Vertrag w√§re nie bearbeitet worden und er w√ºrde den Fall nun schlie√üen. Ich solle froh sein, dass 2 Jahre nichts passiert sei. Und den Vertrag nun fertig abschlie√üen w√ºrde ja nun auch kein Sinn mehr machen, da das Fahrzeug gar nicht mehr existiert. Ich k√∂nne den Fall als abgeschlossen ansehen. Im 2025, also 4 Jahre sp√§ter werde ich pl√∂tzlich betrieben, da ich angeblich die Rechnung aus 2021 nicht bezahlt h√§tte. Wieder dort angerufen, best√§tigt man mir am Telefon, dass der Vertrag immer noch nicht abgeschlossen w√§re Im PC. Ja, man h√§tte definitiv nicht richtig gehandelt, aber ich sei halt nun betrieben und das k√∂nnte man nun nicht mehr zur√ºck ziehen, da man das halt nun f√§lschlicherweise ans Inkasso weitergeleitet h√§tte. Unversch√§mtheit und wirklich v√∂llig inkompetent und unzuverl√§ssig. Machen selbst den Fehler, gestehen ihn auch immer ein und sind trotzdem so frech zu betreiben. Niemals sollte man zu dieser Versicherung gehen.",2025-04-19T21:59:31+00:00,,trustpilot,de,1,negative
"Sie die ALLIANZ!! Im Schadenfall wird einfach gek√ºndigt, eine Frechheit. H√∂ren Sie ESPRESSO auf DRS1 am 24. M√§rz 2025. Eine solche Versicherung ist unbrauchbar.",2025-03-24T09:24:38+00:00,,trustpilot,de,1,negative
"√ºber 11 Monaten, wurde r√ºckwirkend ein Unfall als Nicht-Unfall deklariert und von der Rechtsabteilung der Allianz abgelehnt. S√§mtlich Arzt-, MRI-, Physiotherapie-Kosten wurden jetzt nachtr√§glich an mich verrechnet. Nur weil ein Wort im Unfallhergangsbeschrieb von der gegen mich ausgelegt wurde. Und trotz Einsprache durch √Ñrzte, die belegen konnten, dass der k√∂rperliche Schaden durch den Unfall herbeigef√ºhrt wurde. Finger weg von der Allianz! Die Allianz versucht obschon man deren Pr√§mie zahlt, s√§mtliche Kosten √ºber Rechtsauslegungen abzulehnen! Ganz traurig!",2025-03-19T19:21:00+00:00,,trustpilot,de,1,negative
"bin √§usserst unzufrieden mit dieser Versicherung. Die Erreichbarkeit ist mangelhaft, die Kommunikation unklar und die Zuverl√§ssigkeit der Mitarbeitenden l√§sst zu w√ºnschen √ºbrig. So stelle ich mir einen verl√§sslichen Service nicht vor.",2025-03-16T13:33:13+00:00,,trustpilot,de,1,negative
"mehr diese Versicherung!!! Meine Partnerin hatte eine Offerte erhalten und ihr Fahrzeug zu dieser Versicherung gewechselt. Und gleich dannach haben sie aufgeschlagen. Leider hatte meine Partnerin ein zu grosses Vertrauen zu der Offerte und hatte es zu sp√§t bemerkt. Die Versicherung besteht nun auf Ablauf bis zum n√§chsten K√ºndigungstermin. Sowas hatten wir noch nie erlebt. Niemals kann ich diese Versicherung empfehlen. Das Lied von Otto Walkes bekommt hier wirklich eine grosse Bedeutung (Text Lied ungef√§hr zittiert; Bist Du allianz versichert, dann hast Du v√∂llig ausgekichert, denn dann beginnt das B√ºndniss mit dem Strick...) Liebe Allianz, so gibt es nie eine Kundenbindung und positive Botschafter f√ºr einen guten Namen. Wir sind nun Botschafter, aber total gegen euch!!! Wir werden das in unserem grossen Bekanntenkreis thematisieren. Uns nicht aus dem Vertrag zu lassen, lohnt sich definitiv NICHT!!! NSP -1 P.S. Schaut euch alle Bewertungen an! Alle Unzufrieden! Wie kann diese Versicherung nur Neukunden anwerben?",2025-02-25T11:53:20+00:00,,trustpilot,de,1,negative
"H√§ndeweg von Alianzversicherung. Da verbrennt man sich nur die Finger! Habe beim Skikauf eine Versicherung f√ºr Fr. 1 dazu gekriegt. Im Folgejahr kann man verl√§ngern f√ºr Fr. 65.-- Ja nicht mehr machen, wer das einbezahlt, akzeptiert Kleingedrucktes das er nie zu lesen bekommt. Die Versicherung verl√§ngert sich ab jetzt einfach selber. Eine Versicherungsvertag habe ich nie gekriegt... Ich habe Alianz deshab telfonisch kontaktiert, die Person am andern Ende wollte mir nicht mal den ganzen Namen nennen. Schrichtlich reklamiert und nie eine Antwort erhalten, nur eine weiter Mahnung mit Drohungen... Lasst Euch nicht auf die Firma ein !",2025-02-03T17:42:49+00:00,,trustpilot,de,1,negative
werden jedes jahr die Pr√§mien erh√∂ht.Nie wieder.,2025-02-03T00:21:02+00:00,,trustpilot,de,1,negative
"war immer da ,rasch, unkompliziert,keine aufwendig die Sch√§den erledigt, Danke Allianz Team",2025-01-04T15:08:49+00:00,,trustpilot,de,5,positive
"haben per E-Mail eine Pr√§mienerh√∂hung erhalten. Es fehlt jegliches korrektes Gesch√§ftsgebaren. Warum: Es ist unversch√§mt eine Pr√§mienerh√∂hung von 13% vorzunehmen, dies bei einer Inflation von nicht einmal 2 %!!! Bei einer Vollkaskoversicherung rechnet sich das! Es ist frech, dies als eine leichte Pr√§mienerh√∂hung anzuk√ºndigen. Es ist berechnend, dies nach dem m√∂glichem K√ºndigungstermin zu machen. Was f√ºr ein schlechter Stil: Im Vorgehen sowie in der Haltung gegen√ºber langj√§hrigen Kunden. Brauchen wir das? Nein. √úbrigens sind sie genauso mit der Rechtsschutzversicherung CAP vorgegangen. Wir k√∂nnen gl√ºcklicherweise auch w√§hlen. Ob Allianz oder BMW (diese hat die Pr√§mienerh√∂hung angek√ºndigt) wir brauchen beide nicht in unserem Leben.",2024-12-03T17:24:18+00:00,,trustpilot,de,1,negative
"H√§nde weg von dieser Versicherung! Wir hatten s√§mtliche Versicherungen bei der Allianz abgeschlossen und √ºberall die teuerste Variante gew√§hlt. Uns wurde ein Sorglospaket verkauft. Ob im B√ºro teure Ger√§te gestohlen wurde von externen Bauarbeitern w√§hrend dem Umbau (bewiesen) - die Allianz-B√ºromobiliarversicherung zahlte nicht, ob auf der Reise mitten auf See ein Covid-Bronchitis-MixKrankheit ausgebrochen ist und man ins Spital musste und f√ºr die R√ºckerstattung der Reise eine Reiseversicherung gehabt h√§ttte - die Allianz zahlte nicht, ob man eine extra Hausrat f√ºr Sch√§den an und in der Imobilie hatte, die bei Sturmsch√§den h√§tte haften sollen - sie zahlte nicht und der gr√∂sste Fehler unsererseits: wir hatten da eine Rechtsschutz versichert und die k√§mpfte dann auch noch nicht gegen die Allianz, um zumindest irgendeinen Schaden bezahlt zu bekommen. Egal was wir f√ºr Ungl√ºck erlebten, es war stets nicht versichert. Aber eine Versicherung, die nichts zahlt, ist nichts wert. Dann spart man sich das Geld und zahlt den Schaden mit dem Ersparten. Als ich die Versicherungen √ºber unsere Ansprechperson k√ºndigte, meldete sich dieser auch nicht mehr. Seither habe ich die K√ºndigungen auch √ºber deren K√ºndigungsportal abgegeben und auch da folgt keine Reaktion mehr. K√ºndigt also besser per eingeschriebenem Brief der Zentrale! So habe ich nat√ºrlich die Termine verpasst, aber wer rechnet denn damit, wenn man schon exgra wen als Ansorechpartner hat!? Und NUN muss ich vermutlich noch ein ganzes Jahr zahlen. Kein Ungl√ºck passte zu der Versicherung, aber wir hatten auch noch nie soviel Ungl√ºck, wie seit dem Abschluss der Versicherungen. Wom√∂glich war das auch ein Zeichen. Wir sind nun bei der Mobiliar. Bei meiner Freundin hatte ich miterlebt, wie sie alles gezahlt hatten ohne wenn und aber. Ich w√ºnsche euch Allianzversicherten viel Gl√ºck und denkt an meine Worte: Versicherungen, die nicht zahlen, sind nichts wert und im Gegenteil ein hohes Risiko, den ihr zahlt Beitr√§ge und seid zudem nicht versichert!!!",2024-12-01T09:30:29+00:00,,trustpilot,de,1,negative
"jetzt knapp 20 Jahre bei dieser Versicherung. War davor kurz bei der AXA und Z√ºrcher, habe bei beiden dazumal schlechte Erfahrung erlebt was mich zur Allianz gef√ºhrt hatte. Habe in diesen 20 Jahren unglaubliche Ungl√ºcksf√§lle gehabt. Allianz war immer da, rasch, unkompliziert und alles wurde immer Einwandfrei und ohne grosse Aufwendungen meinerseits erledigt. Auf mindestens weitere 20 Jahren geliebte Allianz Team. Danke f√ºr allesüôèüèæüôèüèæüôèüèæ",2024-11-28T07:01:05+00:00,,trustpilot,de,5,positive
Suisse hat leider den super Kundendienst innerhalb von 3 Jahren verloren. habe alle Versicherungspolicen gek√ºndigt weil Schaden fragw√ºrdig abgelehnt wurde oder erst nach langer Zeit bearbeitet und ausbezahlt. Schadenabteilung telefonisch kaum erreichbar. man braucht Tage bis man durchkommt. Bei neuabschl√ºssen wird sofort abgenommen. H√§nde weg von dieser Firma,2024-11-12T21:27:49+00:00,,trustpilot,de,1,negative
Versicherung der Schweiz ! Bitte wieder zur√ºck in die Deutsche Heimat !! By By,2024-11-08T21:56:13+00:00,,trustpilot,de,1,negative
"ist einfach schlechter Service, der √ºbrigens nicht durch den Pannenservice verursacht ist sondern durch die Allianz Hotline. Bin einfach sprachlos‚Ä¶ Ich war gestresst aber die Dame ist definitiv √ºberfordert!",2024-11-03T21:43:12+00:00,,trustpilot,de,1,negative
miserabler servive mails werden einfach nicht beantwortet auf r√ºckfragen gibts keine antwort,2024-10-23T10:01:17+00:00,,trustpilot,de,1,negative
"Hilfe, keine richtige Auskunft. Unterirdisch.",2024-09-30T16:33:17+00:00,,trustpilot,de,1,negative
"einer Reifenpanne auf der Autobahn stehend, hiess es zuerst, es w√ºrde bald jemand kommen. Nach etlichen Versuchen und vielem Hin und her kam nach √ºber 6 Stunden jemand. Doch f√ºr 60minuten Reifenwechsel sass ich 48Stunden in Deutschland fest. Auf Beschwerde, eingereichte Rechnungen etc. hat niemand reagiert. Schlechtester Service aller Zeiten!",2024-09-24T10:20:23+00:00,,trustpilot,de,1,negative
f√§llt mir absolut nichts mehr zu ein. Ich bin der Gesch√§digte und nur weil der Allianz Mitarbeiter wohl an realit√§tsverlust leidet bleibe ich nun auf meinem Schaden sitzen. Auf eine Beschwerde bei dir Allianz habe ich nie Antwort bekommen. So kan man auch seine Bilanz aufbessern.,2024-09-23T21:20:56+00:00,,trustpilot,de,1,negative
"nicht selbst verschuldete Parksch√§den links und rechts angemeldet, zwei Mal ungek√ºrzten Selbstbehalt bei Auszahlung bezahlt (2 X CHF 200.00). Partnergarage musste auf Dr√§ngen von Allianz AG beim zweiten Schaden Arbeiten von erstem Schaden anrechnen lassen (Mischung der Lackfarbe). Dies verst√∂sst eindeutig gegen den Grundsatz der Vermischung der Einheit der Materie! Nach 10 Jahren Versicherungsmitglied bei der Vollkasko ohne einen einzigen Schaden zuvor, ist die Entscheidung klar: Nie wieder Allianz, in keinem einzigen Versicherungsbereich! Otto Walkes hat einst gesungen:""Denn bist Du Allianz versichert, dann hast Du v√∂llig ausgekichert..."". Dem kann ich nur beipflichten.",2024-09-23T18:53:21+00:00,,trustpilot,de,1,negative
"weg von dieser Versicherung! Schon das zweite Mal extrem schlechte Erfahrungen gemacht. Beim ersten Mal versprach mir mein Versicherungsvertreter dass Dinge versichert sind, was auf reinen L√ºgen aufbaute, nur damit er die Versicherung abschliessen konnte. Die Allianz entschuldigte sich dann √ºber diesen Mitarbeiter, und sagten, sie h√§tten noch von anderen Kunden nichts als Reklamationen erhalten und dass der dort nicht mehr arbeite (Herr C.B.). Beim zweiten mal (bei Berater A.S.) hatte ich einen Fall f√ºr die Mobilit√§tsversicherung, mein Motorrad musste abgeschleppt werden. Ich schrieb mehrere Mails und erhielt mal eine telefonische Antwort von dem Berater, er meinte, dass da gar kein Fall bei Allianz er√∂ffnet sei und ich solle mich an den Pannendienst direkt wenden. Doch ich wusste auch nicht mehr, wer das war, und schrieb erneut an Allianz. Doch erhielt ich nie eine Antwort. Ich hakte nach, auch bei einer anderen Abteilung bei Allianz, hatte extra eine aufw√§ndige Mail mit Fotos und Beilagen der Spesenabrechnung gemacht. Jedoch erhielt ich selbst dann nie eine Antwort. Ich k√ºndigte per LSI per Post die meisten Teilprodukte dieser Versicherung und erhielt aber nie eine Best√§tigung und auch keine Antwort auf eine Frage. Dann kommt vorzwei Tagen prompt wieder die unver√§nderte Police, als ob ich die Versicherungsprodukte nie gek√ºndigt h√§tte. Nun muss ich auch noch dem nachrennen, es kostet mich nichts als Aufwand und √Ñrger und Zeit. Telefonisch erreichte ich heute niemanden, w√§hrend bei der Mobiliar nach zweimal klingeln bereits ein Gespr√§chspartner am Telefon war. Zu viele negative Erlebnisse finde ich. Das zweite Mal bei denen erneut ein schlechter Berater. Ich w√ºrde nie im Leben jemals wieder dort etwas abschliessen, und ich kann diese Erlebnisse alle belegen.",2024-09-06T16:43:59+00:00,,trustpilot,de,1,negative
durch Stefan Weiss der Generalagentur Uster war Top. Danke viel mal.,2024-09-04T09:53:33+00:00,,trustpilot,de,5,positive
an meinem Auto von Versicherungsnehmer Allianz. Steinschl√§ge und Zementreste an meinem Auto.Schaden wird Explizit abgelehnt. Ich bin hinter dem LKW gefahren pl√∂tzlich hat es gerieselt klang nach Sand. Die Frontscheibe voller Einschl√§ge Ver√§tzungen .,2024-09-02T17:46:27+00:00,,trustpilot,de,1,negative
"hatte eine Versicherung bei ihnen und sie erh√∂hten meine j√§hrlichen Geb√ºhren. Als ich sie anrief und fragte, wie sie diese Erh√∂hung rechtfertigen k√∂nnen, war ihre Erkl√§rung: ""Es ist normal aufgrund der Inflation, wir erh√∂hen die Pr√§mienpreise um 10%"". Um nur die Inflation nach Angaben des Schweizerischen Statistischen Bundesamtes zu erw√§hnen, lag sie bei 2,1%. Ich bitte um K√ºndigung meiner Versicherung und nach 2 Monaten senden sie mir eine Rechnung zum Rechtsschutz. Wenn ich E-Mails schicke und sie frage, warum ich diese Rechnung erhalten habe, antworten sie ""in meiner WhatsApp"" mit Fotos von Google Translate. Die Antwort war, dass ich es 3 Monate vor Vertragsende k√ºndigen musste. Warum? Dies ist zus√§tzlich, es war keine andere Versicherung. ich wurde vor Ort gefragt, ob ich wollte, wie die Windschutzscheibe Schutz, Stra√üenschutz usw. Sie sind Betr√ºgereien. Vermeiden Sie sie und gehen Sie mit einer transparenteren Versicherungsgesellschaft.",2024-08-23T12:24:35+00:00,,trustpilot,de,1,negative
Mai 2024 eine Motorradversicherung f√ºr 420fr bei Allianz abgeschlossen. Jahres Vertrag. 1 Monat sp√§ter Juni hatte die Tochter leider einen Unfall.unverschuldet gehabt . Jetzt forderte ich die restlichen Pr√§mien zur√ºck. Wurde von Allianz abgelehnt.weil das Motorrad einen Totalschaden erlitten hat. wird nichts zur√ºck erstattet. So was hab ich noch nie erlebt.Werde bestimmt Allianz niemanden empfehlen und auch nie mehr eine Versicherung bei denen abschliessen,2024-08-20T21:50:21+00:00,,trustpilot,de,1,negative
"bin sehr entt√§uscht von dieser Versicherung. Aufgrund zu vielen Park- (3 St√ºck) und Glassch√§den (3 St√ºck) wurde uns unsere Autoversicherung gek√ºndigt (Amag Versicherung Allianz). Ich kann dies absolut nicht nachvollziehen, k√∂nnen wir doch bei Park- sowie Glassch√§den √ºberhaupt nichts daf√ºr. Ich bin genervt, da wir unser Auto seit Anfang an (2019) bei der Allianz versichert haben und nie die Versicherung gewechselt haben, da wir treue Kunden sind. Dies hat uns gelehrt, da es anscheinend besser ist, jedes Jahr die Autoversicherung zu wechseln... Schade dass wir nun, dank dieser K√ºndigung, einen grossen Nachteil haben, eine neue Versicherung zu finden.",2024-08-14T16:03:46+00:00,,trustpilot,de,1,negative
"arbeiten immer noch wie im Mittelalter. Drucken ein Dokument aus, stecken es in ein Couvert und verschicken es mit der Post. Ich scanne es zuhause ein und werfe das Papier weg. Der Berater meldet sich nur, wenn ein Vertrag ausl√§uft, oder er auf der Suche nach noch mehr Provision ist. Wo ich sparen k√∂nnte, hat er noch nie dar√ºber nachgedacht, f√ºr mich ist das keine Beratung.",2024-07-15T19:20:32+00:00,,trustpilot,de,5,positive
"63 wegen fehlerhafte Auszahlungen von Krankentaggeld w√§hrend meine psychische Krankheiten m√ºsste ich √ºber 27000 Fr. + ca 2000 Zinsen in 28 Monaten zur√ºckzahlen. Solche Fehlerhaften Zahlungen, die sie nach fast einem Jahr bemerkt haben ist f√ºr eine Grosse Versicherung der Schweiz eine Schande und zeigt wie unprofessional sie sind. Das war noch ein zus√§tzlicher Schlag auf meine psychische Krankheit die mir noch begleitet. Warum m√ºsste ich B√ºssen wenn ihre Personal keine Ahnung von Ihre Arbeit haben. Ihre Fehler hat mich ruiniert.",2024-07-09T08:13:37+00:00,,trustpilot,de,1,negative
"- Nicht zu empfehlen Pr√§mien einstreichen und danach den Vertrag nicht einhalten. Ich habe eine Garantieerweiterung f√ºr einen LG-Fernseher bei dieser sogenannten ""Versicherungsgesellschaft"" abgeschlossen. Nach Ablauf von 3 Jahren trat ein Fehler am Ger√§t auf, obwohl noch √ºber 2 Jahre Garantie verblieben waren. Die Migros, wo ich den Fernseher erworben hatte, empfahl mir eine Reparatur durchzuf√ºhren. Etwa 2 Monate sp√§ter behauptete diese Allianz-Versicherung pl√∂tzlich, dass der Fehler auf falsche Bedienung und unsachgem√§sse Nutzung des Ger√§tes zur√ºckzuf√ºhren sei, obwohl das Ger√§t stets in den Standardbetriebseinstellungen lief. Trotz der weitverbreiteten Kenntnis √ºber diesen Fehler wurde eine Reparatur als zu kostspielig angesehen, und die Allianz weigerte sich, auch nur einen Rappen f√ºr die Reparatur zu zahlen. Stattdessen erhielt ich eine Gutschrift vom Migros Genossenschaftsbund. Daraufhin kaufte ich erneut einen LG-Fernseher am selben Ort, diesmal unter Verwendung meiner MASTER-Kreditkarte, die zus√§tzlich 2 Jahre Garantieverl√§ngerung versprach. Nach 2,5 Jahren trat wieder ein Defekt auf, diesmal war auch das Netzteil betroffen. Die Allianz argumentierte, dass ich nicht 60 % der Kosten mit der Kreditkarte gezahlt h√§tte, und weigerte sich daher erneut, auch nur einen Rappen der Reparaturkosten zu √ºbernehmen. Interessanterweise wurde der erste Fernseher durch das Vers√§umnis der Allianz verursacht, nicht durchzuleisten, was zur Gutschrift f√ºhrte. Diese Erfahrungen zeigen, dass die Allianz nicht nur ihre Verpflichtungen aus den Garantieverl√§ngerungen unzureichend erf√ºllt, sondern auch nach wiederholten Vorf√§llen mit √§hnlichen Defekten keine angemessene Unterst√ºtzung bietet.",2024-07-06T21:05:08+00:00,,trustpilot,de,1,negative
Beratung von Pascal Wolf Agentur in Laufen. Unkomplizierter grossartiger Service. Ich f√ºhle mich als Kundin wohl und ernst genommen. Vielen Dank an das ganze tolle Team. Franziska M√ºller,2024-07-04T13:22:48+00:00,,trustpilot,de,5,positive
"seit √ºber 20 Jahren Kunde bei der Allianz. Aktuell zum zweiten Mal katastophale Schadenabwicklung, diesmal bez√ºglich Mietersch√§den, wo die Mieterin auch bei der Allianz eine Mieterhaftpflicht hat. Schadenexperte zu faul, um √ºberhaupt vorbeizuschauen, daf√ºr empfiehlt man der Mieterin, dass Abgabeprotokoll nicht zu unterschreiben und versucht sich schon aus der Verantwortung zu nehmen, bevor man √ºberhaupt die Schadenaufnahme korrekt macht. Ein Vorgehen, wie man es √§hnlich bei Assura oder Helsana bei Unf√§llen erlebt. Jede Leistung muss wohl gerichtlich erstritten werden. Ein herablassender Ton, als w√ºrde man mit dem Anwalt der Gegenpartei sprechen. Eine solche Versicherung ist entsprechend unbrauchbar, weil sie im Schadenfall keine oder nur mit extremen Aufwand allenfalls einen kleinen Teil der effektiven Sch√§den deckt. Via Lebensdauertabelle wollen sie sich √ºberall rausreden, auch bei Sch√§den, die definitiv nichts mit normaler Abnutzung zu tun haben, sondern explizitie Sch√§den durch Gewalteinwirkung, massiver Fehlbehandlung oder Fahrl√§ssigkeit seitens des Mieters verursacht wurden. Sogar Schl√ºsselverlust wird nicht gedeck oder man behauptet, die Lebensdauer m√ºsse ber√ºcksichtigt werden? Ein Schloss funktioniert entweder 0 oder 100%. Mit Abn√ºtzung oder Lebensdauer haben verlorene Schl√ºssel nichts zu tun. Nur √Ñrger - werde wechseln und akzeptiere k√ºnftig keine Mieterhaftpflichtpolicen seitens Allianz. Nur so lernen sie es. Ich rate entsprechend entschieden davon ab, dass sie bei der Allianz eine Geb√§udeversicherung oder eine Mieterhaftpflichversicherung abschliessen.",2024-06-06T10:37:52+00:00,,trustpilot,de,1,negative
"**Bewertung f√ºr Allianz Suisse** Ich bin sehr entt√§uscht von Allianz Suisse. Mir wurde die Versicherung gek√ºndigt, weil die Sch√§den an meinem Auto angeblich zu viel und zu teuer waren. Dabei handelte es sich um einen Parkschaden und einen Hagelschaden ‚Äì beides Vorf√§lle, bei denen man erwartet, dass die Versicherung einspringt. Es ist frustrierend und unverst√§ndlich, dass eine Versicherung, f√ºr die man jahrelang Beitr√§ge zahlt, dann pl√∂tzlich den Vertrag k√ºndigt. F√ºr was hat man eine Versicherung, wenn sie einen im Stich l√§sst, sobald sie nichts mehr an einem verdient? Ich hatte von einer gro√üen und renommierten Versicherung wie Allianz Suisse mehr Unterst√ºtzung und Zuverl√§ssigkeit erwartet. Leider wurde ich entt√§uscht und kann diese Versicherung nicht weiterempfehlen.",2024-06-05T19:41:37+00:00,,trustpilot,de,1,negative
